Comment Text,Likes
sis lugi ata farmer,266
bat ka nagseself talk ğŸ˜°,175
"Kakaiba tlga mga pilitista, dati poltical scientist kayo tas naging msrketing expert then ngayon economista nağŸ˜‚",134
are you a nurse din po ba?,96
"sure, buong Pilipinas ba Tig-bente ang bigas?",70
"""I disagree with that numbers, were not that high"" (golden era) of prices talaga hahahağŸ˜‚",61
"you don't seem to understand that it's not only rice that we're paying for: there's labor, transport, supply and demand",56
"pag si bbm todo explain, kung si leni nag sabi nyan tatawagin syang lutang.",55
mga naka tambay sa Twitter be like,52
Opo. im a nurse.im teaching before psychiatric nursing po,51
I hope this info spreads to a lot of people to help them understand what the inflation rate means. ğŸ’“,47
hindi mo pa ata Alam process tehğŸ˜©ğŸ’…ğŸ˜ŒğŸ€ğŸŒ·,47
"if we're paying 20 pesos sa bigas lang, magkano ang bayad sa magsasaka niyan? Sa pag-tanim at pag-ani ng bigas? Sa pagtransport? Tigpipiso?",47
are you a nurse din po,42
"Too bad for him, and if it he doesn't do anything about it, too bad for the PH",41
"Sadly, hindi siya naiyak",34
Meron naman siyang mga attendant or advisor. Aalamin nila yan bakit tumaas. Bakit di niya pa rin alam?,32
why bother commenting then?,32
"Sige bente yung bigas basta sya yung mag tatanim,luge lolo ko",31
bakit ba kailangan nyo parating i-interpret sinasabi ng mga idolo nyo?,29
Ganto po yon bibilhin ng goverment na normal price sa mga farmers and then goverment mag bebenta gets?,27
Hahahaha sure kang gagawin ng government yan? Edi wala silang kurakot,25
PLEASEğŸ˜­ Y'ALL DON'T KNOW HOW SUPPORT LOCAL WORKS ğŸ˜­,25
Thanks for this info. Most old people and our parents doesn't know this ğŸ™„,23
"Hi adrian! I believe the current value of 100k should be computed as 100k / (1 + 6.1%) = 94,250 and not 100k * (1 - 6.1%) = 93,900 â˜ºï¸",22
I hope you realise that every region in the Philippines has different Economy and wealth. Just because Antipolo can Doesn't mean the others can too,22
Ambaba naman ng engagements ng page nyo lol,21
ganyan ba talaga yung plano because that still doesn't seem feasible business-wise,19
I don't need to be an economist to know that it's not likely to happen.,19
Thank u po at concerned kayo pataasin,19
Hindi ata alam ate ang kalakaran sa agriculture at farming lol,18
hindi parin ba makatangap na talo HAHAHA,18
i think kaya nagdisagree siguro Ang alam niya 6.1 Ang average which is from June only lang un ang average ata is 4.4 kaya sabi niya less 4 target niya,16
masyado kayong excited,16
nagsalita ung naniniwala sa dayaan nung 2016ğŸ˜³,16
ganyan tlga pag well educated,14
"luh, di ka ba aware na pinag-aaralan na ang basic economy sa grade 9? presyo? suplay? demand? inflation, kalakalang panlabas, and many more. normal -",14
Di legit galing tiktok e,14
self talk amp,10
E may past criminal record mga nakaupo what do you expect,9
Ang government Po Ang magbigay ng mga pangangailangan ng mga magsasaka at bibili sa mismong farmer para maibenta sa Filipino ng/nang mura,9
lang ang pagkakaroon ng basic knowledge tungkol sa mga bagay-bagay,8
the question id does our Gov. have programs for that or are they going to exploit our Farmers again like what they did with the Masagana project?,8
"That's the idea. Only the opposition is assuming may kurakot agad, di pa nga nakasimula. Advance mag isip.",7
are u a nurse din po,7
sana pati president certified economist â˜¹ï¸,7
lahat tumaas tpos yung mga negosyante ayaw magtaas ng sahodğŸ˜‚ğŸ˜‚ğŸ˜‚ğŸ˜‚,6
your point is?,6
"hi, i believe this has been done by duterte admin. Free irrigation, but did it improve the farming system here in Ph? bumaba po ba ang bigas?",6
pano po kayo verified?,6
"""it's not that high"" ğŸ¥º",5
Ayy okk... ty kanina ko pa kc iniisip kung pano magbebente yung bigas tas nakita ko pa yung isang vid na nagrereklamo abt sa 20 pesos na bigas,5
"tsaka hindi malulugi farmer sila pa mabebenefit kase libre na pataba, ferti, insecticide tapos machinery tapos tatanggalin na middleman like from ilcs",5
read the case! nagawa nga ng ilocos eh plus benefits na handle ng ma ayos Ang garbage nila coz ginagawa itong fertilizer and ibibigay ng free,5
Tapos na election umiiyak parin kayu,5
"No one:
lawyer: NGO - Non Government Association",5
Miss Ma'am ang sabi mo hindi Possible ang 20 pesos na bigas. if here sa Antipolo May 20 Pesos that means kaya rin para sa Buong Pinas,5
hindi pa rin ba na talo ekonomiya,5
"No problem! If you need help where to invest your money, feel free to send a message!",4
Uhhm Miss Ma'am Here in Antipolo we have a 20 peso Rice,4
malabo yan..kahit mag bigay pa ng incentive na 10 peso per kilo di aabot ng 20 pesos at gagastos pa ang government ng 400b per years para diyan,4
"Mas todo kayod ngayon ang mga magsasaka kasi pag mababa ang presyo, madaming bibili",4
its so sad when people become so dependent on social media for any sense of validation. the lengths they will go no matter how stupid of pathetic it,4
ano ba yan bat hindi tungkol kay bongbongğŸ¥ºğŸ˜,4
CORRUPTLERR,4
Hi Thea! Thank you so much for this! I'll pin this comment for others to see too. ğŸ™,3
hindi raw naniniwala si bbm. ğŸ¥°,3
THIS,3
pero talo parinğŸ¥° Wawa Naman,3
"bakit ibebenta ng 20-30pesos malulugi talaga,40pesos na bigas nga tag 16 per kilo",3
IYAKKK PAAAA,3
si bbm nga 6 years na ang naaraan di parin naka move on,3
but here you are,3
tite,2
Luh,2
"wdym? pbbm is the current president of the PH. ofc, he needs to do something. He needs to lead the country.",2
the whole world are suffering tao lang si bbm,2
HINALA KO sa GAS yan na binibili sa ibang bansa... kasi kapag tumaas ang gas tataas na lahat ng bilihin kasi gas ang ginagamit halos lahat ng tao...,2
as a ceo of farming corporation its not its not its actually good since our handman gonna leave less expenses for driver and gas for delivery,2
sabi ng hindi maka distinguish kung game or anime character ba pfp mema sabi lang ğŸƒğŸƒğŸƒ,2
"what did he say there, hm? what are his specific plans?",2
taga antipolo ako pero singkwenta bigas dito san ka ba sa antipolo sa tabi ng palayan?,2
kaya naman talaga 20pesos babagohin lang ang sistema ng agri na nakasanayan na natin kaya mahihirapan talaga sa umpisa kung fully support+,2
wow certified economist,2
makes them look just so they can feel that rush is just plain sad,2
"Takbo, may LBM supporter",2
andaming trolls dito na mukhang hindi iniintindi ang economics haha,2
There's a big difference. Leni supporters explaining things so that closed minded people can comprehend what VP Leni is talking about.,1
While bbm supporters explaining things just to give justification of what bbm is saying or claiming even though he's wrong.,1
"He did not prove his claims and statement without attending debates. He's a coward who hides behind his lawyers, spokesperson, and fans.",1
lmaoo,1
"Yes, I know that it's a global crises. but still, the administration needs to do something about it, diba? kasi mahihirapan talaga mga tao.",1
loh totoo naman ah. Patuloy na tataas yan kung wala silang gagawin. Kawawa buong bansa,1
thisğŸ¥° domino effect,1
@kimi.theena basig ideny nasad ni ni ano,1
"gipangutana unsa iyang buhaton nansolution for the inflation, ang gitubag wa ga agree na taas ang inflation ğŸ˜…",1
khit cnong president wg dapat isisi,1
"The fact na lahat dito nag agree sayo seems you supported the other candidate. Lol, better study Economics bro and you will know why",1
@haileyy12boo,1
@nikoruchan02,1
may criminal record ata yung mga candidates it's normal naman :>,1
"If it was that serious, they wouldn't be able to run for office and the norm of PH politics is siraan. So I'm not that worried.",1
"eh di gobyerno naman ang malulugi, sagot nila laht tapos ibebenta lang ng 20 per kilo? wala pa nga silang tubo.Think again, baka diyan tayo malugmok.",1
ayaw sa kurakot pero sinasabi mo na edi wala silang kurakot gustong gusto mo pang mangyari yun?,1
bakit may malinis pa na record yung mga presidente na umupo? diba wala?,1
SA pooh key mue âœŒï¸ğŸ‘Šâ¤ï¸ğŸ’šâ¤ï¸ğŸ’š,1
buti panga minor nag iisip,1
wdym kailan? kung Yung sa ilocos matagal ng nagagwa yan. pero kung sa buong pinas gusto mo pa alala ko lng kaka retire pa lng ni prrd,1
"infact ginagawa na sa ilocos yan,meron na silang mga advance way of farming,farming machinery.hybrid rice.aquaponicsvegetable farming,fertilizer drone",1
soon to be wagyu beef supplier na rin ang ilocos norte,1
it's basic logic Kung pano mapababa sagot Ng government Ang gastusin water supply fertilizers at Sila mag direct import walang middleman,1
sa amin dito sa mndoro may 18 pesos nga na bigas ğŸ˜‚,1
jusko ka halatang 1 sided lng sya haha! try mo manood ng vlog ni bbm tungkol dyan.hindi yung puro surprise ka dyan baka ikaw ma surprise.,1
ah so kailan?,1
baba ang presyo ng bigas? sure ba tlga?,1
lol kakapresidente nya palang hindi naman kaagad-agad 20pesos yung mga bigas pagkatapos election matuto din maghintay,1
don't expect too much,1
sis ngo din ba yung government?,1
because the government is not a business enterprise and food such as rice is part of our national security.,1
huhu nakakaiyakğŸ˜ğŸ’”,1
sa vlogs nya?? â˜ ï¸,1
di parin justification yun para bumaba ang presyo..even sa ilocos never naging 20 pesos ang bigas doon,1
"and where will we get the budget? twice na ang utang natin ever since pumasok si duterte. adding tax can be lethal, so what more?",1
"since ito platform nya, this will be effective once na umupo sya right? mahirap magsalita ng tapo, we'll see, san kukuha ng budget and everything.",1
sige basta ikaw yung kalabaw,1
dipa nga nakakaupo,1
wow from jobless to president.,1
wait ka lang kakaupo lang eh exited na exited,1
@gaeaiz,1
@reginavictoriaxx @,1
@tiktoknikiel,1
why else are you voicing your opinion on this comment section? Isn't it for validity? To learn thta some people share your same views?,1
It's not my fault that when i make videos like this it gets this much attention. Maybe I just know how to ride the algorithm :P,1
"you're quick to assume things. I can live and go places without my phone. This attention is just candy to me, and I don't even have candy often",1
ha HAHAHAHAHAHAHAH drama drama mo naman,1
ung Pinaasa nya mga supporters niya na magiging 20 pesos saw ung rice tapos bilgansinabi sa interview na aspiration lang WHAHAHSB ok po,1
31M ang nag closed ng mga mata at hanggang ngayon hindi pa rin binubuksan ang mga mata ğŸ˜…,1
attracted the wrong audience...,1
"Everyone: OMG! babalik na ba Golden age? ğŸ˜®âœ¨ (Bbm: I said surprise, not a miracle ğŸ™„)",1
bili ka gas,1
si asheng ilang million na di pa verified,1
syempre bayad,1
bababa ba presyo ng mga vehicle dahil sa pag taas ng presyo ng Gas?,1
Bababa pa ba to if matapos ang war?,1
oo pero di biglaan simple supply and demand lang hanggat d nag bebenta ang russia ng oil mataas ang benta ng iba,1
kaya bbm na,1
low creadibility,1
bat walang paninira ka bbm? nu bayan boring,1
@vannirham,0
agree,0
thisğŸ¥°,0
Update: 1 USD = 58.50 PHP na. nakakalungkot isipin,0
BWAHAHA APOLO10 ğŸ˜‚,0
tite,0
understand. Whether they really don't understand or they just intentionally ignoring it.,0
*were,0
Nasa debate ka pa Rin. Presidente na si BBM jusko lord!,0
"Yes, he is now the president and yes I'll support him. But with these kind of issues it needs to be tackle and he should be the one to know it first.",0
This is an educational video for those who doesn't know what inflation and deprecation are. Ngawa kayo nang ngawa rito.,0
"In terms of attitude, fun fact. All throughout of the campaign period u can't see leni supporters commenting on something related to bbm here on tikto",0
what's the difference? Leny supporters also explains what she's saying di ba.,0
"Really? so is it explaining or not? Whatever purpose, it is still explaining di ba? In the first place, about the inflation no one knows if they're+",0
talking about monthly or month to date. The explanation comes from the DOF Sec. and we're spread by PBBM supporters. It is the same as Leny. Some do+,0
the explaining sarcastically some do it in good purpose on both sides. So what's the difference? We still have to explain things to people who don't+,0
Month. It's so obvious. bbm supporters are ignorant. They take blind eye to his incapabilities. He's incompetent. He take actions against the law..,0
"No matter what the other party would say, u would not believe it bcos u are all fanatics of his.",0
objectifying.,0
"It's the same for both parties. Don't act as if Leny supporters are always on the right side. Change that attitude, that's the main reason why no+",0
"matter how hard you campaign for Leny, you all failed.",0
And it says something. Lol. Nakakahiya.,0
The fact na pinagtatanggol niyo siya sa kamalian implies something about ur choices. ğŸ˜,0
"Pero pag video ni Leni, iyak nang iyak mga bbm sa comment section. Lol. Patawa kayo. ğŸ˜‚",0
ğŸ˜‚ğŸ˜‚ğŸ˜‚,0
wow mas marunung ka pa sa presidente,0
We can just wait to his next moves as of the moment.. Wala pa syang Isang buwan sa pagiging pangulo,0
so kasalanan din ng gov natin ngayon sa pag taas ng inflation sa ibang bansa or boung mundoğŸ˜‚ğŸ˜‚ğŸ˜‚,0
"Oo naman, let's give him time to have a concrete solution/plan to this matter. Kung wala pa siyang progress pagtumagal, pwede na ba taung magreklamo?",0
"sabi ko nga it takes time.. same sa panahon ni PGMA, nung pinataasan nya yung vat and other tax, dun pa medyo nka recover yung inflation, at isa pa +",0
"its a global crisis, pag taas ng crudo sa world market, domino effect nangyari which isa tayo sa natamaan..",0
"unless may oil reserve tayo and refinery, US nga may oil reserve at refinary ang laki ng inflation hina harap nila, even EU..",0
"If pbbm will follow the solution made by pgma, mataas po ba yung posibilidad na makakarecover tau sa inflation again? even though it takes time?",0
"actually yun din plano nila, pero ibang bagay na pag lalagyan nila ng tax.. like the online business.. dami dyan d pa register sa bir..",0
"yes possible yan, pero i dont think baba talaga prices sa dati ang mga raw and agri products,unless gov talaga mag cocontrol..",0
"so, the least thing we can do is wait until pbbm give us a concrete plan about inflation and make a move?",0
"sa pag upo palang nya yung mga bigas naging 40+ na to 50yung gasolina noon around 40+ din, bumababa nung nawala sanction ng iran which nag oversupply",0
sa world market which ang baba ng presyo ng crudo.. dami oil company na lugi nun at that time at nawalan ng trabaho na ofw nag work sa oil company,0
"kaya d ko pangungunahan si bbm kasi kakaupo palang nya, d pa nga nag 1 month as president si bbm tapos dami ng kuda mga anti",0
"wala pa po bang interview si pbbm about sa plano niya regarding sa pagtaas ng inflation rate? or meron, but is still not concrete enough?",0
"bilihin before the pandemic? (srry for dis question, I'm still young at that time.)",0
I have no rights to stop you in doing anything,0
Sa Bansa natin may influence sila na i-control yan. They literally run the whole country.,0
too bad if u used monthly inflation rate than YTD inflation rate.. should u replaced diokno instead? hirap sa pilipinas expert lhat..hsst.,0
"indi namn nya sinabi na kasalan ng gov ah? sinasabi nya lng na kung wala silng ggawin, kapg mas tumaas ang inflation rate, mas mahihirapan ang mga tao",0
"pero about sa agri, need talaga gov ang mag hawak nyan kasi namimihasa ang mga medium.. iba dyan nag hohoard ng mga raw products .",0
"sabi ko sa iyo, mataas na panahon.. imagine mo nlang sa panahon ni estrada bigas noon is below 20 pesos, at gasolina noon nasa 20+ lang din, nung sa",0
"kay gloria, bigas naging 30+ na, at gasolina noon 30+ din pero umabot din yan 60+ nung global crisis, sa panahon nman ni pnoy",0
"mas malala kay duterte kasi nagka pandemic.. pero i dont how e manage ni bbm, kasi d pa tapos ang pandemya at me global crisis pa..",0
"yung kay former prrd, diba around 2016 siya na elect as president then, 2019 nagsimula ang pandemya. 3 years before the pandemic, mataas ba yung mga+",0
"president.. kaya natatawa ako sa mga reaction ng iba, parang ang dali lang gawin, parang kaya lang gawin overnight.. ğŸ˜‚ kaya antay muna",0
GALING NAMAN,0
YTD yan lol,0
kaya pala hindi na kumasya yung 1k ko for 1 week,0
saan po napupunta yung nababawas na value?,0
"""I disagree with that number I think we're not that high""",0
Nice Explanation kuysss ğŸ¥°,0
thanks marcos,0
I think I have to disagree with that number itâ€™s not that high,0
Y'all are killing me in the comments section ğŸ¤£ğŸ¤£,0
@Zantee,0
its not does high. HAHAHAHAHA,0
ğŸ˜,0
"""What I don't know won't hurt me. Dii ko maintindihan yang inflation na yan at di kasalanan ng current president yan"" - 31m Unity Winners. ğŸ˜",0
Sarap ng inflation sa PH. Tumataas pa. Lavit mga sd cards!! ğŸ˜‚ğŸ˜…ğŸ˜‚ğŸ˜…ğŸ˜‚ğŸ˜…ğŸ˜‚ğŸ˜…,0
satingin ko bibigayan lang sila nang gamit sa pag tatanim ih para maka mura,0
Si bbm nga ang mag papatupad non kase nasa government na sya paano nya makukurakot yon kung sya mag babayad ha?,0
what ğŸ’€ğŸ’€ğŸ’€,0
"ganto ata e,libre na patubig lahat ng makina tas bababa yung bigas ganon",0
mejo malabo po yun kasi kung bibilhin ng gov sa farmers sa orig na presyo tapos ibebenta sa tao ng mababng presyo walang kikitain yung gov doon+,0
ibig sabihin wala silang maipambabayad sa utang natin,0
hahahahağŸ’€ğŸ¤šğŸ»,0
san beh?,0
haha,0
bbm was planning to open kadiwa rolls for farmers and local products,0
19 ang bili ng NFA sa bigas,0
yeah pero the quality I don't know ğŸ˜™,0
lol,0
Yung gagawin ata is ibibigay sa mga farmer Yung land na pagtataniman kaya d na Sila mag babayad ng lupa,0
bibilhin ng gobyerno yung palay sa farmers ng saktong preso tas yung bigas ay ibebenta sa mababang halaga,0
magkaiba kase presyo ng palay at bigas,0
That can be happen if it's gonna be a monopoly market but there's more way to make the rice price lower without Monopoly,0
kapag wala talaga alam sa mga economics at agriculture madami ang di makakaintindi dahil hindi maintindihan magagalit nalang at mag rereklamo,0
akala ko ba mag investor lang kayo? naging agriculture na pala kayo,0
hindi malulugi ang farmers pag inalis natin ang mid man and government ang bibili sa kanila,0
"9-13 pesos kilo nang palay depende sa komprador...
tapos ang bigas 60",0
mag aral k po muna tungkol hndi ung dada k ng dada,0
"Not expecting anything, bcuz it's innocent until proven guilty, not the other way around.Criminal record is not a conviction.",0
Girl Marcos may kinorakot na lol,0
libre din mga abono,0
presidente kaba?,0
criminal record may proof ka,0
Bata moments:,0
Yang linta sa mga market places Ang may poblema,0
my midman po kc yan sila kung baga yung farmers pa yung nag hahanap ng bibili pero imbis na midman mismong gobyerno na bibili tapos gobyerno din mag,0
bibigay ng pataba ata yun tsaka mga kagamitan,0
unag una sa lahat NFA rice lng Ang baba ng price Kasi ung iba may mga brand un,0
kaya nga nag comment fba,0
sabi ng anime dpğŸ¥ºğŸ¥ºğŸ¥º,0
pre nakalimutan mo mag switch account,0
sabi ng minorğŸ¥ºğŸ¥ºğŸ¥º,0
well mannered ka pa dyan ğŸ˜,0
"yeah i get it,but the point is need pabang i-comment?",0
HAHAHAHAH all in one po sila,0
magiging kuya kim yan pag my bagyoğŸ¤£ğŸ¤£ğŸ¤£,0
grade 9? senior high? di ka ba nag aralğŸ’€,0
do you have a problem with minors po?,0
ikaw nakatambay sa tiktok?,0
"Hinde, Sa Bahay be oo",0
true,0
ğŸ€ğŸ’–ğŸŒ¸,0
teh Di nila alam Yan ğŸ˜‚ gusto nila magic yung tipong isang pitik lang prang nung kay Duterte panahong may bagyoğŸ˜‚ ginawang super heroğŸ˜…,0
so kailan ?,0
parang war on drugs yan. ginagawa naman ng maayos pero mga pinkshits puro iyak. pag pusher at user ang pinatay puro ngawngaw amputa.,0
HAHAHAHAHAH ğŸ˜‚,0
sa shopwise or sa palengke kami bumibili ng bigas kaya alam namin ğŸ˜,0
And I hope u realize that the goal here is to bypass free market using government services to fill in the gaps of different region.,0
Hahahahaha,0
tagi mindoro din ako pero 35 pesos padin! sino niloko mo,0
are you a nurse Po?,0
yes Po nurse din Po ako,0
halatang one sided ğŸ˜‚ if the other provinces made it work then its surely means that it's not impossible for others it may take time though,0
"That's why someone commented that you don't know the process.Just like what you said ""There's labor,transport, supply and demand""",0
Government can handle some needs of people in agriculture sector to make farmer's work easier and lessen themoney they spent on agriculture,0
By making a bill,0
the Process can be harder than the process in Antipolo but it can be easier if Government can make the cycle of economy to be more efficient,0
which means its just base on the President of the country and the happenings in the country,0
bro humbled himğŸ’€,0
ğŸ¥­,0
"Gusto kasi nila instant kapag sinabing magiging 20 pesos kilo ng bigas gusto nila ura urada, Iha hindi ganun let us wait and see then Criticize simple",0
daming*,0
samen den po meron,0
May mga 20 pesos dto especially sa Agora Public Market,0
bka yung para sa dog na rice yung tinutukoy nya which is nag kakahalaga lang ng 18-20 pesos haha,0
criticize mo nalang te pag palpak masyadong advance napaghahalataang hipokrito,0
"Hindu nila yan papanuorin, hindi mo malaman kung ayaw lang talagang malaman oh mahina ang pang intindi",0
panoorin mo kasi hindi yung tanong ka ng tanong,0
Who do think made the rice in Antipolo become 20PHP? it's government.Which means there's a way to make it possible in our whole country---,0
antipolo ang sinabi tas sinure pa na buong Pilipinas? ğŸ˜‚ Educate the educatedğŸ˜‚,0
kagaya samin na may libre binhi tas pataba may subsidy pa na binibigay kaya yan,0
anong kailan?,0
yan ung target ng Marcos admin d naman yang nangyayare ng isang araw lang bago maupo aabutin pa yan ng ilang months or years para magawa,0
Ganto po yon bibilhin ng goverment na normal price sa mga farmers and then goverment mag bebenta gets?,0
luhğŸ˜‚ğŸ˜‚ğŸ˜‚ pag may plano galit pa rinğŸ˜‚ğŸ˜‚ğŸ˜‚,0
saan galing pera na ipapabayad?,0
"kung san galing ang angat buhay, dun din.",0
"girl, i study agriculture and voted for bbm hindi dahil ""mga magsasaka naman"" na paawa",0
"pwd naman ikaw ang mag lay out ng plan para maging smooth ang flow, magaling ka Diba sa agriculture?ğŸ˜‚",0
sa mga tax malamang,0
tapos hindi ba tumaas Ang tax?,0
so u mean miracle din ang price Ng bigas SA ilocos north?,0
Kaya lang naman po mahal Ang bigas dahil sa middle man and kapag naalis Ang middle man possible po na bumaba Ang price+,0
gagawin po ng government ipapa daan po nila Ang mga delivered rice sa kanila sa paraan po nayun maliit lang po Ang maiba bayad nh mag sasaka pang+,0
delivery sa supplier and mapapa baba den po Ang price nang rice kase po Wala napong middle man (ayun lang po),0
wala pa nakaupo si bbm,0
possible as long as the government provides... kaya nahihirapan Ang magsasaka dahil sa middle man patong ng patong,0
just wait girl kakaupo palang ni PBBM also he's not genie ğŸ˜­ğŸ˜­ğŸ˜­,0
"Pag napatupad yon, mag tiis ka sa tinapay ah",0
hahaa nangunguna kayo nung pinangunahan nyo na pag tatawanan tayo ng ibang bansa pag si bbm ang nanalo bakit parang kabaliktaran,0
may sinabi po ba si bbm? ask lang,0
baka pag bumaba ng 20 pesos per kilo Mauna kapa sa pila ğŸ˜‚ğŸ˜‚ğŸ˜‚,0
Un sinasabi nila na mga PATAYGUTOM mga bbm/dds pero sila un tahol ng tahol sa pagtaas. Kala ko ba tubig nyo lng Starbucks ğŸ˜‚ğŸ˜‚ğŸ˜‚,0
mga ibang tao dito halatang walang alam HAHAHAHA,0
"hindi magiging oavility for tpdays videowxzs sis, hindi pa siya nakakaupo as pres, excited ka masyado",0
ba't parang mas excited pa kayo kaysa sa mga supporters niya omj,0
Di Pa ma understand ng mga tao yung 20PHP na bigas,0
excited ka po ba ate???,0
"sino ba nmn hindi excited malaking tulong yan, ang tanong magawa ba ? o budol lng lahat",0
"magiintay,ang problema kase wala pa mang isang taon naka-upo naghahanap na kagad ng progress,hindi lang namn kase agriculture ang problema ng PH",0
i closed my eyes tho,0
if bababa ang presyo ng binhi at abono at kung ang goods ay deretso sa market possible poğŸ¥°,0
kung magiging 20 kilo nalang yung bigas sure mauuna payan bumili,0
Ako na registered Agriculturists na wala daw ako alam interms of agriculture ğŸ˜‚ğŸ˜‚ğŸ˜‚ğŸ˜‚,0
Nagtatanim ka ba or bumibili ka lang ng bigas sa palengke?,0
Nauna pa maging 20 pamasahe nmn d2 kesa sa bigas,0
kaya mtagal pa katutupad ang 20 kilos na bigas gawa Ng agricultural illegal smuggling.,0
"no sis, yung pamasahe yung naging 20 ğŸ˜ğŸ˜ğŸ˜ğŸ˜ğŸ˜",0
"but at least mapababa ng malaki kesa sa presyo ngayon, still i count it as succeed ğŸ¤—",0
"ok, San na ba yung train na pinangako ng partida niyo? oo",0
mga farmers nga dito sa pampanga gustong gusto yon kasi gobyerno mismo bibili ng palay nila sa tamang halaga.,0
Jusme. Anu to biglaan. Syempre dahan dahan lang,0
"Imposible talaga.
syempre i ta transport yung bigas from farm to city.
sa mahal ng krudo ngayon, Goodluck talaga sa presyo.",0
baka nfa lang hindi Yung mga sa jasmine rice etc,0
sige tuloy tuloy lang mga 6yrs,0
ba bat kayo pa nagmamadali maghintay kayo kami dapat ang atat di naman kayo bumoto,0
sis pano yung mga farmerğŸ¤¨ğŸ¤¨,0
"Surprise! Ang bagong meaning ng NGO is Non-Government Association, yesss slayyyy VP LeniğŸ˜ğŸ’…",0
matagal nang Non-Government Association ang ibig sabihin ng NGO.,0
*Organization,0
"Ate, you're now in my FYP after a month. Ang dami nilang nagkalat sa ComSec mo. wahahahhahha",0
e yung train na pinangako ng last president namatay lng di namin na ramdaman,0
Ayan kaka twitter,0
June papo,0
naging famer expert nağŸ˜‚,0
talino talaga ng mga kakampink sana all ğŸ˜‚ğŸ˜‚ğŸ˜‚ğŸ¤¦â€â™€ï¸ğŸ¤¦â€â™€ï¸ğŸ¤¦â€â™€ï¸ğŸ¤¦â€â™€ï¸ğŸ¤¦â€â™€ï¸,0
anung stage na ba tu? hhaahahahhaha,0
tsk tsk tsk,0
point being??,0
kala mo ganon agad e no,0
20 na samen sis,0
"good for you, sa amin P45 na ang pinakamurang bigas",0
"punta kana davao sis, may librw sakay den dito samen eh kaso inalis na, di ako naka sakay ğŸ˜­",0
"yoko nga, ang taas na nga ng bilihin dito where it's supposed to have a lower cost of living, diyan pa kaya?",0
yung mga farmer ğŸ‘ï¸ğŸ‘„ğŸ‘ï¸,0
nag tapos bato????,0
"yan tinatanong mo sa'kin pero hindi ka naman nagtaka kung legit yung ""diploma"" nung isa? lol",0
"sure honey, whatever helps you sleep at night",0
hala bi siguro magdamag kalang nakahilata sainyo tapos scroll lang sa tiktok,0
syaka kesa naman sa isa may atty sa pangalan display ngalang,0
ok,0
Ginagawa na :),0
ghorlll,0
ğŸ˜‚ğŸ˜‚ğŸ˜‚ main character,0
he hasn't sat tho?im confused,0
20-30,0
Move on,0
Political analyst to Stock analyst now agricultural expert na HAHAHAğŸ˜‚,0
BYE my yaya said the price of coke here (qc) is 17ğŸ˜ƒ,0
I think it happened,0
"""Educated"" ğŸ˜‚",0
You are entitled to your opinion but not always meant to share it.,0
Dada well,0
ano yung tallano gold?,0
sino po nagsabi na hindi niya po tanggap?,0
Which is totoo namn tlgağŸ˜‚ paki explain po sa mga lugsr na 0 si bbm kahit may inc dun. at sa mga ghost votersğŸ˜‚,0
"tahan na may nanalo, di panga naka umpisa si PBBM nag wish na na bumagsak economy ng pilipinas, sabagay yan naman talaga gusto ng kakambing pag talo",0
manood Ka na lang ng Plano ni bbm nakakapagod mag explain naka ilang explain na ako sa com sec,0
27 pesos bigas nila don,0
ngayon yan?,0
Veh irrigation lang ang sagot ng duterter admin tingna mo plataporma ni bbm please andon na lahat ng sagot,0
Dipende parin dlang naman pangulo ang nag dedesisyon kung maaprovan man malamang may kikita tayong progress,0
yeah sa budget dko alam kasi wla naman siyang sinabing pano niya popondohan yun pero lets wait nalang kung ano gagawinniya,0
I think it's because of COVID 19 since many people in Agricultural sector stopped when the pandemic start,0
oo ba basta ikaw yung machine na gagamitin nila ğŸ˜…,0
oo,0
sa plataporma niya libreng pataba punla irrigation tatanggalin lahat ng middle man lahat ng ani sa gobyerno pupunta gobyerno nadin mag bebenta my god,0
"nope, during duterte administration, 117 farmers were killed and this was only in 2019. Under his term ph lost 323,000 agricultural jobs.",0
"ma'am are you okay? that's possible dahil kapag naipasa ang irrigation law mas matutulungan natin ang magsasaka, and government din ang sasagot sa++",0
halata naman si pagmumuka nya na hindi siya okayğŸ¥´,0
"mga needs ng magsasaka, and isa pa tatanggalin na din ang Middle man, dahil ang Middle man ang nagpapahirap sa mga magsasaka",0
:Ma'am pansinin mo Naman yung ibang nag explained..ganyan talaga pag ginisa sa sariling Mantika no?,0
Hnd pa nakaupo excited yarn??ğŸ’€ğŸ’€ğŸ’€ğŸ’€ğŸ’€,0
ghourl!!!!! they are even so proud for the budget raise next year!!! huhuhu,0
Meanwhile in ilocos local markets (â‚±20 kilo) rice,0
31MILLION QTTACK,0
"hi, if the support for farmers comes in the form of subsidy tapos hindi sya magppantay sa outputs, the outcome will be bad for the economy. :)",0
kasi government po ang magsshoulder para iimplement ang 50% na price cap. the problem is hindi rice self sufficient ang pilipinas. :) so need natinâ€”,0
pano extra rice lang alam bilin,0
HAHAHA itlog pala magiging 20 kala ko bigas,0
ano gusto mo pagkaupo agad magbabago ang presyo may process pa po un bago mag baba ang presyo,0
Hindi pa naumpisahan pumutak agadğŸ˜‚,0
Pag nag 30-20 pesos mag tinapay kanalang ha,0
pag nag 20 bigas gusto ko kumain ka ng palay yung di pa nabibilad.,0
para Wala na lugaw,0
ligalig mo,0
Sabay sa usoğŸ˜³,0
"pag sumobra naman ang bigas sa pilipinas, tayo na ang mag eexport.",0
hindi purkit sinabi ni bbm na magiging 20 pesos ang bigas pabababain nya agad ng walang financial/material aid sa farmersğŸ˜‚,0
Kala ko didirechco ngipin mo or something.. ğŸ˜³,0
"bruh chill, kakaupo pa langğŸ’€ğŸ’€",0
Wag ka bibiling bigas pag nag 20,0
Umalis na ba to sa Pinas o nagrarally na,0
ako na clinose ung mata ğŸ’€,0
HAHAHA Karen Spotted ğŸ˜‚ğŸ˜‚ğŸ˜‚,0
This is how a person think if he/she only uses 1% of his/her brain.,0
"Well, we vote for president, not Genie. Like he said, it will never be happend instantly. The important is, It is started.",0
and so? you think sa ibang bansa yung mga farmers nakaupo lang sa gilid?,0
Natutulog po,0
"don't worry meron naman, NGO -
Non Government Association ğŸ˜‚ğŸ˜‚
-Lawyer(Aso ni Bam Aquino)",0
yes po ginawa ng bida bidang kakampinkğŸ˜‚,0
gusto nya ata pagtanim harvest agad ğŸ˜,0
Ako nahihiya sa nag vivideo ng gantoğŸ¥²ğŸ˜‚,0
6 years Kang GanyanğŸ˜­ğŸ˜­ğŸ˜­,0
ğŸ¥­,0
"Yong inflation & oil price hike global crisis sya, so kung ikinatutuwa mo yan sa mismong bansa mo what more sa ibang bansa.Normal pa bang mindset yan?",0
"kapag may magandang nagagawa ang Government tugon niyo ""thank you tax payer"" pag may gantong global crisis sisi kay PRRD & PBBM ğŸ˜Œ",0
"Tapos kapag ginawang 20php nalang ang bigas, sisisihin niyo din, kasi kugi mga farmers.ğŸ’€ well-educated ba talaga kayo?",0
it is possible. lalo na hahawakan ni bbm ang agriculture dept. di naman maaapektuhan ng inflation ang local farmers kasi wala naman tayong export,0
mga Twitter fact checkers be like hahaha,0
Ndi naman basta basta babab yung price manang may proseso po yan tsaka ndi po kayo kasali sa price 20,0
sa ugali na nga lang babawi Wala pa,0
HA HA HA,0
kakaupo lamg oh atat na atatğŸ˜¶,0
Kawawa TALUNAN ğŸ˜‚,0
tara toothbrush,0
so youre pro leni?,0
"I'm try to raise awareness on the reason why so many are addicted to social media, I don't need validation from anyone else because I know who I am",0
"yeah not really, you don't really have the following or views to make that claim.",0
oh and I suppose you do? I think I'm doing great here considering I only post 1 video a day and get a few thousand views.,0
But I don't put much thought in numbers. It seems like you care more about my numbers than I do hahahaha,0
"and, again I say, here you are. You're not raising awareness in the right way. The video i posted is a satirical take on current political events-",0
and of course your the authority on the right way to raise awareness right? so this vid is supposed to be satirical huh. education in this country has,0
really fallen so low.,0
"and you're like ""hurrdurr social media addiction is bad"" like??? Why don't you make a video about that instead? And stop assuming sht like you know me",0
"honey, you came here, on a satirical video to claim social media addiction awareness. You levy the number of my videos and views against me as proof-",0
"and you're still making false assumptions about me as a person. That I actively do this for clout like what you believe. But okay I guess, feel free-",0
"I do tiktok for fun, it just happens that when I post abt politics and use the right hashtags, it gets more views than the rest of my other videos.",0
"Does that automatically mean I am addicted to social media? Like I said, I can go places without my phone and enjoy my life without it.",0
"and if i do make your skin crawl, why are you still talking to me? Why are you still trying so hard to gaslight me into believing I have an addiction-",0
"to social media when you don't even know me in the first place? Did we have an interview I did not know of? Maybe you need to check yourself, honey.",0
you just used gaslighting without actually knowing what the word is,0
"honey, i am not a lab rat for you to throw such claims at. That's it, you've proven to me that I've just wasted my time on you. Goodbye.",0
do i look that stupid?,0
commenting on your vid does not diminish nor contradicts my point. so I don't get the reply. but then I guess thats the best you can come up with.,0
I'm not like you who gets a rush everytime I get a like or a positive comment.,0
"not really because I don't care about views or likes, I use social media purely to spread awareness about topics that interest me, unlike you",0
says the person who clams to have thousands of views on her post despite having only a video a day. you do realize that people can see the number of,0
views you have in your videos right? and the overwhelming number of your videos barely goes past 500,0
so everyone who manage to see your vid can see an examplr of what I'm talking about. How when called out people like you become vulgar and try to,0
"what I'm saying and how you try to act first as someone superior, then as a victim before finaly devolving and showing your true colors.",0
"you kind prove it true when you try to flex your ""thousands"" of views and the vehemence with which you try to deny it.",0
"1st not your honey, honey is a term of endearment while people like you makes my skin crawl. 2nd I merely pointed out a fact",0
"yeah sure ofcourse you can, thats why you have such huge gaps between the videos you post right",0
so basically your admitting to using algorithms in order to boost your videos and gain views which is basically the same as every other wanna be,0
"social media ""influencer"" who is chasing after clout. people like that cannot last long without social media",0
because I was raised to always finish evrything I started including conversations. so pointing out a fact is now gaslighting huh. or more likely,0
I don't need to interview you just to know what type of person you are. its enough to see your content and read your replies to see what kind of a,0
"person you are, and honestly its not really something anyone can be proud of",0
"that doesn't make sense, you don't ""throw claims"" at lab rats, they're use for experiments. seriously if you want yo make yourself sound smart try to",0
mga kupal belike: na akala madali mag baba presyo ng mga bilihin ğŸ’€,0
20 pesos na pakain sa aso,0
"eto ung walang alam sa ""ECONOMICS""",0
well educated daw pero palamoninğŸ¤£ğŸ¤£ğŸ¤£,0
d naman po kase un kadli langan naman manganak ka muna bagu magbuntis? kakain ka muna bago magsaing?,0
"President po si BBM hindi wizzard, merong process yan",0
iilang araw pa lang nagiging presidente tsaka na kayo mag reklamo pag tapos na termino nya tas di nag bente yung bigas,0
ang sabi mga taong kapos lang makaka avail ng 20 pesos d lahat also midman nag papataas ng presyo ng bilihin balik kapo kung san ka galing skwelahan,0
Educated daw pero simpleng pag basa ng plataporma dpa kayang unawain hayss educated moments,0
Punta ka Sa Ilocos norte Mas mayaman pa mga Farmers dun kesa sayo,0
hahahaha,0
"Research po beh, yung mga rice na yan para sa mahihirap lng yung hindi na makakain. ğŸ˜­ğŸ˜­ğŸ˜­",0
Pov:mas-excited Ka pa sa bumoto Kay bbm,0
atsaka sa mga nagsasabi na malulugi Ang mga farmer try Po ninyo magaral ng grade 8 ulit,0
at try niyo din Po manood ng plan ni bbm about diyan sa 20 pesos na rice,0
6 yrs kayung gantoğŸ˜‚,0
kaka Twitter at TikTok mo yan,0
Sinira mo nga damit mo nagreklamo ba kami??ğŸ˜‚ğŸ˜‚ğŸ˜‚,0
Nc joke coming from your parents.,0
"ekonomista, historian, analyst, crypto expert, lawyer, political expert, marketing expert aba ang talino ah",0
"leni: keep your eyes closed i have a surprise
kakampuke: nanalo tayo?
leni: i Said Surprise not miracle",0
the marcos magnanakaw narrative has not been proven in court 36 years by PCGG/OSG,0
"sure honey, whatever helps you sleep at night ğŸ¥´",0
im not sleeping at night honeyğŸ¥°,0
eh kaya naman pala eh hahahahahahahaha,0
syempre bat aq matutulog lalo na kung election baka mag brown out,0
"stop digging your grave honey, you're not sounding any smarter",0
i didn't said that im smart honey,0
Oh im not like u honeyğŸ¥°,0
sino ba naman gusto maging ikaw,0
kaninong lola to,0
boboğŸ˜‚,0
"Ohh, bobo be like:
ğŸ˜‚",0
HAHAHAHAHAHHAHAHAHAHAHA ğŸ˜‚ğŸ˜‚ğŸ˜‚ ANO BA HAHAHAHAHAHAHAA,0
Anong klaseng gas po.,0
"True. Questionable, nagsspread ng misinformations tas biglang naging verified ğŸ˜",0
State your point sir...,0
"Wdym, misinformation?",0
UnityğŸŸ¢ğŸŸ¢ğŸ’š,0
@han.peter baka makatulong beh,0
totoo na ba yan????,0
"nag taas ang presyo ng langis dahil sa dictador, tama ba?",0
si Bong bong sisihin nyo bat nag taas ang langisğŸ˜‚ tutal wala kayong magawa kundi pang babatikosğŸ˜‚,0
Nabigay na po ba fuel subsidy?,0
auto report ğŸ˜‚,0
ye,0
happy sya,0
masakit ba hahahaha,0
Ang ulo mo,0
takbo may kakampuwet,0
world problem Po yan,0
san nyo kinuha yung 49% haha,0
Bakit? Buldit,0
Ha,0
true yan HAHAHAHA,0
panget nyu Ka banding Hindi nyu sinama si bongbong naninibago ako sayu,0
are you an econ major by chance?,0
sus fact check muna hahaha,0
Hahaha stfu,0
"ignorance, their part of OPEC, nong inutos ni biden na mag stop ng oil distribution sa world market naging kawawa eh mga 3rd world countries",0
"kahit di naman needed, reason eh para lang bumagsak ang economy ng russia? always remember more oil reserve means more power",0
kinokontrol lang ng amerika ang lahat pero umaangal na ang arab countries ending di narin sila nag tataas ng demand ng oil even ksama sila sa producer,0
gaya ng sabe mo sa arab countries at sa far east countries kumukuha ng oil so it doesnt make sense na apektado ang economy,0
@fisheep14,0
@analyncentinolinaza,0
kasalanan na naman ni bbm yan ğŸ˜‚,0
PANO DI TATAAS EH DI NAMAN KAYO NAG BABAYAD NG TAX. TAS SA PANGULO NYO ISISISI? PWE MGA WLANG KWENTA,0
Dahil yan sa mga Marcos kaya mataas ang langis!,0
milagro hindi tungkol kay marcos ang balita,0
buti nga sa inyo least trusted source,0
"GETS KO PA YUNG YEAR TO DATE E. KASO NUNG DUMATING NA SA BORROW COST, SPENDING AND DEMAND, NAWALA NA AKO ğŸ˜­ğŸ˜†",0
di ko maintidihan yun Economic Prof. ng UP si Bernard Ong... di nya macomprehend ang statement ni PBBM... grabe pabobohan na ba ang UP ngayonğŸ˜‚,0
actually matalino talaga sila kaso ma pride and ego sila.,0
matalino po mga yan pero ang tawag dyan sa kanila ay intellectual dishonesty dahil alam naman talaga nila ang ibig sabihin ni PBBM eh,0
RIGHTTT,0
ayaw nya tanggapin na tama si PBBM kasi masasagasaan ego nya,0
mas mataas po pride nila kesa inflationğŸ˜‚,0
Now alam na nila nasaan ang 31M.... Lahat ng aaral at nagtatrabaho... ğŸ¥°,0
myday ko to sa mga friends kong kakampink hahahah,0
di masave ğŸ™‚,0
merong save dati,0
I just also happened to see Dr. Batu EXPLAINATION about the inflation rate buti nalang talaga may mga economist na nag eexplain about it.,0
A lot of people are very quick to jumping a gun to quickly without understanding the full context of the statement. Para lang maka panira agad.,0
Well said ğŸ¥°ğŸ˜Œ,0
I work at a retail company and monthly may report but we do YTD not MTD.,0
Exactly!! Itâ€™s more relevant pag mtd kasi you will know where we are and where itâ€™s going,0
"me listening and really trying to understand, but my finance and economy deprived mind cannot cope up. im sorryyy but thank you for your explanation.",0
I'm not alone ğŸ˜‚ğŸ˜‚ğŸ˜…,0
ang sabi nya lang ata s pg kakaintindi ko ung inflation ng june is for june lng hindi ung buong taon. ung buong taon ang kay gusto ni marcos prng gnon,0
Dami n tayoğŸ˜‚ğŸ˜‚,0
same HAHAHA,0
found my people ğŸ‘€ğŸ˜,0
"Me, too. Bobo talaga ako pag numbers na! Hahaha pero thank you for this info ğŸ¥°",0
bro bro. nasa anything but bonbong group ka haha. dun ko nakita yung vid nato. very informative toh ah. mukang ayaw ng nasa group nayon yung ganto.,0
"btw, research ka abt kay Sen. Tulfo may libel sya na kaso, which is involving moral turpitude",0
"The fact na he is unaware where does the 6.1% is coming, that says something.",0
haters gonna hate stay hatersğŸ¥°,0
"Yung form din kasi ng question ay mali. Ang sinabi ay ""Noong 2018, 6.9 ang pinakamalaking inflation rate....."" so meaning you're comparing the",0
san nga ba? alam mo? pa share nman.,0
highest inflation rate of 2018 sa inflation rate ng month of June. Kaya yung question ng reporter should BE STRAIGHT TO THE POINT.,0
"The point is he is unaware where does the 6.1% is coming. Now, what if he was not briefed with the 4.4%, would he be able to have an idea?",0
"The structure of the question made him think that the reporter was asking about the ytd. When you're asking a question, make sure that it's direct to",0
"point. The reporter could have asked the question direct to the point. Also, his answer is right. Sec. Diokno explained it so don't try your luck lol",0
Solid ğŸ˜®ğŸ˜®,0
"thanks po sa explanation, pero i don't think na dapat batikusin si BBM I trust him because his my president at alam ko how sure he is pagdating",0
Not even clear to PBBM that the 6.1% is for the month of June. Di naman kase sinabe kung kailang at bigla nalang nilatag ang data.,0
"kaya nga eh, gusto kasi nilang magkamali si PBBM ğŸ¤¦â€â™€ï¸",0
Dami na po kasing nag mamarunong ngayon.. kailangan pang iexplaim Ng ganito para maliwanagan ğŸ¥´.. btw thank you po for the information,0
sana mapanuod to ng mga fb friends kong honor students pero di pinagiisipan mga opinionğŸ˜‚,0
"@luisa_aki17 may mga kakilala ako ah! ganito, minarcos daw pati yung inflatiom rateğŸ˜‚",0
unti lang talaga ang nakakaintindi,0
kaya nga,0
ang galingg mo talaga kuya Reinnn!!,0
"lahat nakatingin, kaya pag hindi nila naintindihan. issue agad.",0
Iba ang talino ni bbm sa talino ng iba..,0
Well said,0
"naadik ako sa contents mo sirğŸ˜­ğŸ˜­ğŸ˜­ğŸ˜­ sana ma spread pa tooooo, dami konh natutunan thnakyouuu",0
ang binabasihan kasi ng pinky yung inflation sa presyo ng bigasğŸ˜‚ HAHAHA gusto kasi nila 20 pesos agad bigas akala mo naman kasali sila donğŸ˜‚,0
Hindi alam ng tao ang pinagkaiba ng YTD sa MTD ğŸ˜ğŸ˜ğŸ˜ puro kuda lang sa tiktok ang alam,0
Boost for this!â¤ï¸,0
up for this!,0
"hahaha partida puro mga ""WELL EDUCATED DAW"" yung mga bumabatikos HAHAHAHA",0
well said.. buti nlang meron mga katulad nyo,0
kalerky talaga..ang dami nag aabang sa magiging pagkakamali ni PBBM...,0
"Thank you, mas easy to intindihin kesa sa paliwanag ko hahahaahâ¤ï¸â¤ï¸â¤ï¸",0
never ako nag question sa katalinuhan ni PBBM.. ğŸ¥°,0
"Buti nalang may mga matatalino pa tulad mo na kakampinks. Yung iba na kakampinks di pinanindigan ang pagiging self proclaimed ""Fact Checkers"" nila.",0
"thank you idol for fighting the truth. yan ang uniteam, mahinahon magpÃ liwanag to educate us",0
true sir galit sa gov. kaya konting kibot binabatikos agad,0
Itâ€™s worldwide not only in the Philippines. Ganun talaga maraming batikos.,0
buti pa kayo May alam dyan ako ni isa walağŸ˜‚ğŸ˜‚,0
thanks po to you. bbm ğŸ¥°ğŸ¥°ğŸ¥°,0
sharing this on my fb ğŸ¥°,0
Ibang iba sa edited daw,0
tapos ang sasabihin pag bugmagsak ang government natin 'tama nga kami' hahaha ang astig,0
naging econimista naman sila ngayun eh. hayyy salamat sa inyo. â¤ï¸,0
very watchful ung mga ____ hindi naman pala nila naiintindihan.ğŸ˜³ masakit sa ulo pero malinaw naintindihan ko.. thank u sir.ğŸ˜‚ğŸ¥°,0
Yung research nyang sa 24 oras hindi alam kung ano yung month to date sa year to date ğŸ˜•ğŸ˜•,0
good explanation kuys dumami bigla ang economistğŸ˜‚ğŸ˜‚ğŸ˜‚,0
boom tameme again ang mga pinks. nagsasalita kasi agad mga pinks eh di muna humingi ng explaination. pero pag nanay nila binatikos sobra sa explain,0
saan na yung ibang gumagawa ng live dito para lang batikusin yung President? ğŸ˜‚,0
"so hindi naintindihan ni bmm ung tanong nya? at tanong nya eh ""ngayon""... so mali pa din sya",0
thank you po sa pag explain ..Wala ako alam ehh heehhe,0
"omg, thank you so much po sa pag explain nito ğŸ¥°ğŸ˜ super galing!",0
thank you for this info sir. kaya hndi na tlaga kpani paniwala TV newsğŸ˜…,0
until now wla paring ma research? hay nakoğŸ˜’ğŸ¤¦.,0
@superbraxstar ano nga yung post mo? Hahahhaa,0
galing mo mag explain lods. dami kong natutunan ğŸ˜Œ,0
agree..,0
pinipili lang kasi talaga nila ang paniniwalaan nila..,0
matatalino lang makakaintindi sa presidente hindu yung mga self proclaimed,0
Wag na magexplain educated kuno lang hindi nakakaintindi niyan.,0
dami kasing educated kuno daming satsat parang alam din lahat ano mga pinag sasabi nila.ğŸ˜,0
Mag iingay na naman ang taga department of twitter,0
ganto yung tamang pag eeducate â˜ºï¸â˜ºï¸â˜ºï¸ang totoong matalino a isishare ang kaalaman sa magandang paraan at di ipinamumukha ang kakulangan sa kaalaman,0
post nyo to sa fb daming natahol dun ee HAHAHAHAHAHA,0
hindi alm yan ng pinklawan... promise... ğŸ˜‚,0
hayyss salamat talaga sa inyo.. dahil mas napapaliwanag nyo nang mabuti sa tulad namin walang alam sa ganyanğŸ˜…,0
"di lang naman pag increase ng interest rates ang solusyon , isang solusyon din ang suspension of taxes",0
nakakatawa lang mga nagbabash..halatang wala silang idea abt that..ang media memaipresent lang,0
inflation + unenployment = let's rename the airport,0
Iba kasi gang ngayun hinahapan patin ng mali ni PBMMğŸ˜‚ d maka move on na 31m votes ni PBMM,0
Mas kailangan pa kasing natin silang ieducate ksi sa totoo lang sila ung kulang sa pagaaral. Hahaha,0
kuya wag kang ganyan ayaw nila tumanggap ng katotohanan. HAHHAHAHA,0
ganon talaga Yung ibang Pinoy parang presidenti nah hhaha,0
"na misunderstood na naman ng mga ""educated ferson"" ğŸ˜Œ",0
Yes!!! This is legit! Thank you sa vid mo sir sana marami maka panuod. Madami nanamn ksi feeling matalino dito â¤â¤,0
"sa madaling salita, masyadong magagaling mga kababayan natin kaya ganun na lang mag puna..",0
kala nila mas matalino pa sila kay PBBM ğŸ˜­ğŸ˜­,0
ang kayang gawin agad ng mga anti-is to ''misunderstood'' the Pres. wala naman tlg silang sasamgayunan ka si nga ''ANTI'' sila hanggang sa mamatay.,0
sa dami ng mga magandang sinabi nya yun tlga ang headlneğŸ˜³ğŸ˜³,0
Dapt ganyan din ang mainstream magbalita yung detalyado,0
"eto yung hinihintay ko, kapitbahay namin inaaway na si marcos di kasi niya naunawaan yung balita.. thank you sir napaliwanag mo ng mahusay! ğŸ‘ŒğŸ’¯",0
ganito ba talaga ang loyalista na hindi ko kailanman kinwestyon ang mga pinagsasabi ni PBBMğŸ¥°proudğŸ¥ºğŸ¥°,0
"Yung ibang kakampink kase kung ano lang nakita at nasabi ng kapwa kakampink nila yun na yon, di muna mag research bago mangbatikos",0
very informative..salamat sir..sana gnito ung mga content creator...hndi yung my masabi lang...may ma i content lng...kuddos!,0
Tsaka talaga namang effects yan ng Gyera na nangyari,0
Tama nga nman bias ksi mga Yan noon pa,0
"pag iisip kasi ng pinklawan ganon na rin ng mga makakaliwa, bakit hindi pa kasi umalis ng pnas.",0
Thanks for the info! Big help sa mga di masyadong maalam sa bagay na â€˜to. Di naman na kelangan iexplain pa sa mga blinded kakampinksâ€”,0
hanggang 6 yrs. pa silang bitter sa new admin na walang ginawa kundi hanapan ng butas ang gobyerno ğŸ˜‚,0
mas na iintindihan kasi nila explanation ni LugawğŸ˜© Siguro nka koneka mga utak nila sa isat-isa,0
si mainstream media naman kulang din ang explanation daig pa sila ng vloggers na nasa tiktok at youtube hahaha,0
Salamat sa u!ğŸ¥°,0
"yup, 15 yrs na ko nag wowork and mas tama gamitin ang YTD",0
actually kakampinks lang naman bumabatikos ğŸ˜‚,0
@Brax eto para sa iyo.,0
Save natin to lagay natin sa FB dami kasi eeeğŸ˜ğŸ˜,0
napatwa nalang ako kasi gets ko agad HAHA TY lods,0
"syempre hindi kami maniniwala dyan, faith news faith news, kami lang tama hahahhahaha",0
Nakakatawa ung media grabe saka ung mga Leni talagang bumabase lang sa word per word. manang mana talaga sila kay Leni,0
subra kc talino nila kaya naliitan cla sa 6.1ğŸ˜Œ,0
"ako na nanonood ng buong briefing ni PBBM, nagulat ako kasi wala man silang nilabas na magandang info",0
sana po ayusin nya ang tanong nya. hehe we dont want our govt to fail kasi damay kameng mga middle class.,0
grabe yung info mo thank youuu ğŸ¥°,0
yung iba kasi kung ano lang marinig at makita hindi muna i verified yung balita through research,0
month of today lng ata alam mga bias media hahaha,0
@ed and his political memes pa-view na lang,0
KNOWLEDGE IS POWER TALAGA. â¤ï¸â¤ï¸â¤ï¸,0
na save ko na yung video haha,0
yan naman talaga alam nila eh puro pninira sbagay di talaga sila mka move-on,0
tamad kc mag research sirğŸ˜‚ğŸ˜‚ğŸ˜‚,0
thank you Sir ğŸ¥°,0
thank youğŸ¥°,0
Spread the word para naman sa mga nag mamagaling na kala alam talaga nila lahatğŸ˜‚,0
yong iba kasi wala mmang alam sabi lang ng sabi,0
@olliemontyyy pa explain wala ko ma intindihan ğŸ¤¯,0
Kapag ikaw magpaliwanag wala nakong tanong,0
Tingnan mo sila parin tama nyan.ğŸ¤£,0
yan ang tmang paliwanag tnx po ğŸ˜Š,0
matatalino daw kpo ksi sila mana sa mama nilağŸ˜‚ğŸ˜‚ğŸ˜‚ğŸ˜‚,0
So tama po ba si pbbm or mali?,0
boss baka ma sugod ka ng @Rappler,0
Aguy! Pumutak agad sila. Self-claimed magaling pa naman sila magfactcheck. ğŸ˜…,0
hays buti naman na palinaw sa iba,0
Sila nalang mag president nagmamatalino ih,0
Feeling ko tuloy during college sa class namin on taxation and the likesğŸ˜… madali lng pla maintindihan from uğŸ˜ğŸ¥°,0
kala ko si sandro ka sir haha,0
"KLa ko nga their intelligent, YTD is often use ng mga companies nowadays ğŸ˜¬",0
"Madami talagang nagmamagaling.ğŸ˜­ Well said, sir.ğŸ‘",0
Paano po nakakaapekto ang inflation sa foreign exchange?,0
kaya mataas ang dollars exchange e,0
basta ayaw kay pres bbm lahat ng lalabas sa bibig nila negatibo. Naway imulat ng Diyos ang mga isip nila,0
di nila maiintindihan yan lods khit anong pilit mo sa 14mğŸ˜‚,0
Lahat ata ng sasabhin ni PBBM di tama sakanila,0
ang ganda ng pagkaka explain mo bossğŸ˜³Slmat...pa share nmn po?ğŸ™gustoq i-save,0
Grabe naman kase yung caption ng mga nagbabalita. kahit sinong makabasa mami misinterpret talaga kase di naman lahat nagri-research at maiintindihan.,0
"BBM is a wise man, i believe in him and d ko sya ibinoto kung d sya magaling..",0
"Alam nyo naman galawan ng kakampink. malamang pag kay leni yan nangyari, todo tanggol sila. kaya nakakatamad makipagusap sa mga yan e ğŸ˜‚",0
@nicholaifronda umay na umay nako pre never nako nag react bigla bigla nang hindi nalalaman ang buong katotohanan at sides,0
mnsan kse bgu pumutak mag research mna naniniwla kc agd sa chismis kakampuet pa more,0
Sila talaga yung hahanap ng mali para bumagsak ang pilipinas. hahaha. sana karmahin mga yan,0
thank you for this explanation â˜ºï¸sarap ibato sa mga kakampink na bashers na ang babaw ng mga arguments.. memabatikos na lang eh,0
very well said sir buti may mga gaya nyo na malawak ang pagintindi,0
Thank you sir! Mas dapat kang pakingan keep it up!,0
Kala ko mga fact checkers daw sila at mga deep mag research? Anywre ?,0
ako na naintindihan agad .. ang ibig sabihin ni PBBM year not month of june nagawa agad sila ng ikakasira ng PBBM ntin,0
Buti nlng talaga merong kagaya NYU,0
batikos nalang kasi alam ng iba . sa halip n magtanong o magresearch . nauuna pa post eh kesa gawin mga yan . ewan ko ba sa mga ganang klaseng tao,0
eh lahat na lang may puna sila sa sasabihin ni Pres BBM.. jusko ğŸ˜¤ğŸ˜¤ğŸ˜¤,0
Not surprised. Ung media Lang naman ung nagpapalaki ng issue dhl Dyan sila kumikita ğŸ˜¬,0
"Last sentence,nag dala, kung puro batkos lang N waiting makahnp ng mag kamali.excelnt.content sir.",0
Sana makita to nung lalaki na nagsabi na disagreed daw si BBM hahaha,0
Thankyou sir dami kong friends sa epbi dat kom na ingay sa pambabatikos,0
"the misleading of mainstream media, ganyan naman sila e since kay PDuts pa",0
kadaming mas malalang balita hindi iyon ang ipakita sa tao. Paninira ang ginagawa eh,0
nakabantay kc ang media sa mali na maggawa o massabi ni PBBM hahaha kakatawa tlaga clağŸ¥µ,0
Let's share this to avoid misinformation. Madami kase ngayon sabay lang sa galit ng iba e,0
"ok, sorry akin masyado akong nang judge HAHAHAHA.",0
Dpa b sla nppgod?ğŸ˜ My snshd kya sla s pgbbnty NG pede nlng ipmbtks? Pnupuna nla mga bgy n d nmn dpt bgyn NG isueğŸ˜ay ayğŸ˜,0
Yung brainy daw sila kaso di man lang ma comprehend ng maayos yung gantong usapinğŸ˜‚.,0
talaga mag tataas ang Inflammation rate kasi may pandemic nakraan taon at s taas Oil,0
Pwede po pa explain din kung bakit hindi siya makapunta sa USA ?,0
can't be reached na po yung site ng PSA HAHAHAHAHAHA,0
"6.1 ay tama at 4.4 is also correct, so ano nga yung concrete plan nya para mapababa yan? that's the question e.",0
Para maintindihan nyo magcompute pano yng 4.4rate. Parang computation lang yan sa school card nyo.,0
Yng 6.1 parang grade mo lang yan sa 2nd sem while 4.4 is your general average.,0
palitan mo na yung sa rappler HAHAHAHHA,0
kinuwenta ko lahat .. Tama naman na 4.35 Ang yr to date,0
kahit naman among Sabihin ni PBBM ay Hindi pa rin pakikinggan ng mga kakampinks,0
thank you sa Inyo mga nag eexplain.. nalilinawagan ang lahat..ğŸ¥°ğŸ¥°ğŸ¥°,0
expect n ntin na konting di tumugma sa iniisip ng mga may ayaw kay bbm madmi na agad ssbhin.ğŸ˜…. pero yung NGO pinagtanggol nila yung associationğŸ˜‚,0
"Salamat po sa pag-explain! ğŸ˜­â¤ï¸Iba talaga talino ng mga BBM supporters, lalo na kaÊ¼yo, kuya",0
Yung iba kasi Over sa talino mas naniniwala sa sarili nila kesa sa mga experts! ke gagaling,0
Pa tag nga po yung mga gumawa ng vid about dyan ng ma educate manlang daming mga alam eh,0
"dami sa fb nagsisi na Marcos pinili, eh di man lang binasa or nakinig sa sinabi nya ğŸ¥²",0
may chance po ba na tataas pa ang inflation rate for the next few months?,0
galing mo lods..very good explanation..kaialangan to ng mga nakaabang lagi sa pagkakamali ng gobyerno lalo na ang mga bias media,0
kayo na mag presidente kasi alam nyu lahat lahat.ğŸ˜ğŸ˜ğŸ˜ğŸ˜ğŸ˜,0
ingat sa pagpapaliwanag sir.madami anti marcos ngayon.hahağŸ˜‚,0
taposin nyo kasi sinabi nya sa pres con ğŸ˜‚ğŸ˜‚ğŸ˜‚ may target sila kung pano pababain sana kayo nalang umopo basta wag Lang nanay nyong lutang hahahaha ğŸ˜‚,0
"galing mag paliwanag. khit wala akong naiintindihan sa english.
share ko nalang to",0
Ang mgs topics na pinagttanggol si bbm pangmatalinuhan pro ang mama nla na dinedebate pang NGAğŸ˜‚ğŸ˜‚ğŸ˜‚,0
popost ng inflation rate at projects ang media...ang mga comments akala mo talaga mga economists at strategists sila grabr tlga.,0
lah bakit mo naman po pinaliwanag wala na silang masasabi nyan HAHAHAHAHA aliw sa kanila,0
Yung sa mga nag react na feeling may alam especially my friend ğŸ˜‚ na akala mo talaga economist ğŸ¤¦,0
Sayang hindi madownload ang video dahil ipapakita ko lang sa my day ko madaming university student friends ko nagbabatikos kay PBBM dahil dito. ğŸ¥º,0
"Ang clear po ng pag explain nyo ğŸ¥°ğŸ¥°
Oh mga ferson research muna bago taholğŸ˜…",0
"buti napanood ko to,, salamat lods",0
Maka comment lang kasi ang mga T,0
di rin kasi pinapaliwanag ng media kaya yung mga alang alam dada lang ng dada,0
95% ng friends ko sa fb puro mga dilawan kaya kuya nasab ang save button gusto ko to imyday HAHHAA,0
"Ano yun dulo cnbe m sir ""leftist"" b? Hahaha savage ka jan kung tama dinig q",0
"Ha? Galing na nga sa bibig nya mismo. â€œTargets are 4% or less, looks like we may cross the tresholdâ€ tapos disagree sya? Contradicting yan, so ano+",0
They were talking about the inflation today regardless kng anong rate sa ibang months. Why would a president disagree to a figure based on datas and +,0
ha pag sure oy? ni tawn jud kas video or cut ra sad simple pero di gihapon gets,0
mga friends ko sa fb akala mo naman may alam talaga hay nako hahahhahaah,0
hirap talaga pag matalino e.,0
pero Ang talino nung about sa bsp ah para bumaba yung priceğŸ˜³,0
Kase kasiraaan lang alam Ng mgA nega.,0
thank you po sa pag explain,0
thank you po sa pag explain.,0
Like na like ko explanation mo. Hindi ko naintindihan yan sa gen ed ko nung college pero sau naintindihan ko lahatğŸ˜ŠğŸ˜,0
Thank for the explanation! And sa mabilis na pag explain nung monetary policy ğŸ¥°,0
so my understanding is correct as well pur year to date is just 4.4 not 5.4ğŸ˜³ğŸ˜³,0
Wow thank you sa mga katulad nyo ğŸ¥°ğŸ¥°ğŸ¥°,0
Thank you kasi madami diyan batikos ng batikos di nag sesearch ng maayos,0
oo kasi actually YTD nmn tlga dapat kasi may flactuation na mangyayari every month,0
ewan ko lang time pa ni prrd mahilig sila mag give ng comments without understanding/knowing the topic. mahilig pa sila mag search nyan. ğŸ«£,0
@Rj Nieto what's your take on this Sir?,0
Pabayaan nalng yyang mga against kay Marcos. Kase kahit anong explain mo kay klaro na klaro na yung mali parin yung tama sa kanila .,0
Wala na ba kayong ibang issue. hahaha issue is life mga lods . keep going ğŸ˜‚,0
Di nga sila maniniwala kahit anong explain nyoğŸ˜‚ğŸ˜‚ğŸ˜‚,0
Nagbasa din ako nito. nag explain sa iba kung kilala pero ayaw talaga maniwala.,0
Hello lods. May ask ako sana di ka magalit ğŸ˜… Diba 4.0% and passing inflation rate of PH? And year to date is 4.4% diba mas mataas yun sa 4.0%?,0
buti na lang may nageexplainâœŒï¸âœŒï¸ğŸ™ğŸ™,0
"pinag aralan po namin 'yan nung G9 hehe, at inexplain ko din po sa friend ko. hehe",0
galing naman well said!,0
thank you sa information.,0
kunti lang naintindihan ko sa English Sambal Kasi samin kaya di Ako nakapag aral Ng mabuti sa englis,0
up,0
YAN ANG GAWAIN NILA MAGHANAP NG MALIğŸ¥°ğŸ¥°PERFECT SILA EHğŸ˜‚ğŸ˜‚ğŸ˜‚,0
salamat boss sa explanation..,0
@GMA News panoorin nyo para maintindihan nyo,0
Ang galing moooo kuya.,0
SA MGA PINKLAWAN LAHAT NLNG NG GINAGAWA NI PBBM MALI THAT'S WHY I COULDN'T TAKE THEM SERIOUSLYğŸ˜,0
Yas,0
thanks for the info sir!,0
yes very true,0
Thank you for this. Very Informative ğŸ˜‡,0
kakampink be like: ğŸ‘¨â€ğŸ¦¯ğŸ‘©â€ğŸ¦¯,0
Well done. Galing ng explanation,0
bagong script yan?,0
this is very informative ğŸ¥°,0
Thank u sa infoğŸ¥°,0
"Thank you so the explainatiom. Gusto k yong last last, na explanation mo. Keep it up.",0
this is the transparency,0
well explained...,0
"Well explained, Sir.",0
Sir Louder pleaseeeee,0
may sumagot din. ğŸ”¥,0
galing mag explain : ),0
"Ang tinignan po nila is ""Month of June"" not ""Year-to-Date"", kung titignan natin yong final entry ng June 2021 to the current year, mataas pa rin.",0
"(2) In their own understanding mataas ang ""6.1"" for the Month of June (for a specific month), unlike the other consecutive months before June",0
"(3) The idea of ""The Month"" and ""Year-to-Date"", confuses people, since the primary concern is June (The Month). Not the ""Year-to-Date"".",0
"I think he is kakmpink, kota sa oangalan pink rose. yet he has moved on, and supports the new admin. I love you poğŸ¥º",0
kayo nlng mag presidenteğŸ˜‚ğŸ˜‚ğŸ˜‚,0
@jul111anna pakinggan mo to ğŸ¥°,0
Salute sayo Boss! ğŸ’ªğŸ»,0
"Explained directly and clearly. The visual representation also made it easy for us to have clearer understanding. Kudos to you sir, thank you.",0
good job for explaining about that..,0
Bravo!!! You explained it well.,0
"agree, love the way you said that if the government failed so we areğŸ˜Š",0
Do not wish that they will fail instead support them,0
thanks for the info sir,0
"correct po! talaga,",0
"Thank you for this info sir, sakit n s mata ng Mainstream Media",0
please continue educating us po. The media won't do this. they always want to instigate hate ğŸ¥ºğŸ¥º. thank youğŸ¥°,0
true!,0
I save this. love u sir,0
sakit sa ulo basta data na eh ğŸ˜­ğŸ˜­ğŸ˜µ,0
We highly appreciate people like you who makes us understand government related news that are being reported one sided by the mainstream media.,0
"as a critic, I thank you for this and hope this spreads more.",0
Thank you po for Clear explanation!ğŸ¥°ğŸ¥°,0
VERY WELL EXPLAINED,0
Up,0
nice thank you for the explanation,0
"Agree to this! ""Small knowledge is dangerous, ika nga ğŸ˜±"" thank you sir!",0
ğŸ˜­ğŸ˜­ğŸ˜­ğŸ˜­ğŸ˜­ LABAS KAYO ANG SINONG NAG NOSEBLEED...ğŸ˜‚ğŸ˜‚ğŸ˜‚ğŸ˜‚ğŸ˜‚ğŸ˜‚,0
WOW I'M IMPRESS THANK U PO!,0
Let me explain something,0
he just disagree but he didn't say that is not correct myghad this is why kailangan pa i-explain para maintindihan nila.,0
"sa mga sagot nya,",0
thanks Lodi â¤ï¸â™¥ï¸â¤ï¸,0
ğŸ˜‚ğŸ˜‚ğŸ˜‚tnx lods....,0
tama ka Jan!âœŒï¸â¤ï¸,0
salamat lodi,0
thank you,0
galing noh...,0
verywell said,0
@GMA News anong balita?,0
thank you sir ğŸ˜Š,0
Lenlen would never,0
is it the fault of the pres? ğŸ¤£ğŸ¤£ğŸ¤£ğŸ˜†ğŸ˜†ğŸ˜ğŸ˜,0
Salamat Sir.,0
thank you Sir for explaining very well â˜ºï¸,0
thank youuu,0
"kudos!
sensationalized news from mainstream media is really the enemy!!!",0
well said,0
@itssassagurl any comment mima?,0
"inteigently well said! These js how politics work, they have nothing good to say because ths one in position is not their pet.",0
thank you sir..,0
thank you for the information,0
ğŸ¥°ğŸ¥°ğŸ¥°thanks sa explanation,0
"it's THE GOVT FAIL IT MEANS ALL FIL. FAIL""LOUDER PLSğŸ“£ğŸ“£ğŸ“£",0
Thankyou for this information,0
"so basically his saying is GENERALLY not INDIVIDUALLY, ğŸ¤¨",0
thank u for this vid.â™¥ï¸,0
good explanation. thanks,0
right..ur so knowledgeable,0
Nico David left the conversation...,0
explain pa more ...,0
Educate the Educated HAHAHAHAHA,0
@agustdluvre hope you understand what PBBM said,0
thank you sir â¤ï¸,0
No worries life is still good looking forward to the golden age or day of reckoning ğŸ˜,0
louderrr,0
thank you po for this info.,0
ang linaw ng explanation mo. this is macro econimcs matter but you made it simple to umderstand,0
Thank u sir for the explanations...,0
Nice one sir.,0
thanks for this.,0
Thanks for this bro ğŸ¤“,0
Thank you for educating. Very clear explaination and on point po.,0
"korek Lods
while we chek MTD or EOM its impt YTD is always checked
EOM cant be a conclusion
where the economy is going",0
This is why people who don't know anything about the situation must understand first what is happening before making conclusions,0
very well said sirğŸ«¶ğŸ»,0
thank you for the information sir.,0
thank you for explaining,0
Thanks for the information po sir ğŸ‘,0
Thank you for educating us po.â¤ï¸,0
Koreq Madam,0
Hoi,0
saba oiğŸ˜‚ğŸ˜‚,0
thanks sa info,0
di masave,0
ğŸ˜ Media ğŸ˜,0
pero mas bilib sila sa 4x40=1600 hahahhaha,0
tapos na eleksyon tapos naniniwala ka pa rin sa spliced videos hahahaha so low,0
thats not spliced tho,0
Oh?,0
Post mo nga yung hindi spliced ğŸ˜‚. Spliced pala ehğŸ˜‚,0
where is the lie ğŸ˜‚,0
Thanks for clarifying this ğŸ¥°,0
Sino na kaya talaga ang lutang?,0
notice lods ganun din c ted failon hnapin mu bed,0
sarap i mention ang mga kakapinks dito,0
dahil po Jan follow ko po Kayo para ma gets ko po mga about sa ganito ty sir,0
at dahil dyan follow n kitağŸ¥°,0
dahil Dito follow kita Lodi.ğŸ¥°ğŸ¥°,0
..eh kasi alam nyo naman mga pinoy..kahit di tanga..nagtatangahan nlng tapos..madaming ganyan sa pinas...,0
hahanapan at hahanapan talaga ng ikasisira,0
i thought this is some kakampinks content,0
"palusot.com
4.4 is yearly, while 6.1 is monthly.",0
UP,0
hahahaha di kase maintindihan ng mga kupal na kakampink basta lang makapag salita,0
"ksalnan kc yan ng media, kulang mgreport...",0
Sir tagalugin mo baka di parin nila maintindihan,0
ung iba Kasi puro dada nag Kanda bulabula na Ang bibig nasiraan lang SI pbbm,0
pleasee spread! kasi yung mga pink henyo kuno ay bumabalik na naman,0
"making issues then pag nagisa sila at na-fact check, balik sa martial law at IGW. Guess what... taktika ng mga utak liberal/commie ğŸ¤¦â€â™€ï¸",0
kung may tiwala ka sa president lahat sasabihin nya maiintindihan mo. pero kung asar ka sa kanya babaluktutin mo ang mga sinasabi nya.ğŸ˜‚ğŸ˜‚ğŸ˜‚,0
lahat Naman pupunahin Ng mga bobong kakampinks ğŸ˜‚ Hindi nila kaya c PBBM sa talino,0
"LOUDDERRRRR , BAKA MAINTINDIHAN NG MGA -------- ğŸ˜‚ğŸ˜‚ğŸ˜‚ğŸ˜‚ğŸ˜‚",0
"nako media talaga di nila naiintindihan si pres marcos eh sabagay low iq bash nalang sila ng bash ganyan kapag di naiintindihan ang topic
btw thanks",0
sa pag eexplain para rin maintindihan ng iba,0
bwiset yang mga minions ni lenlen eh talagang naghahanap ng ikasisira ni PBBM mga feeling perfect ğŸ¤¦,0
di ko maintindihan kung ano pinuputok ng budhi nilağŸ˜‚ di pang sya makapaniwalang mataas inflation issue na agad? WTF? just WTF?,0
yung barko nga dumaan sa kalsada di nyo pinuna sino nag sabiğŸ˜Œ lutang talaga kayo gaya ng mama nyoğŸ˜Œ,0
atat na atat kasi un hater na mkahanapnng butas ayon butata pa din,0
alalahanin niyo maingay talaga ang lata pag walang laman ğŸ˜‚,0
"kagaguhan yan, even if he was misinformed wc wouldnt happen to a marcos, heck youd lambast the top guy of the land",0
sampal sa mga walang alam...,0
normal day in pinklawan nation,0
pinkshit analystğŸ˜‚,0
"for Leni but yes, I can see how one may not yet be aware abt the most recent inflation rate if the month.",0
i got it. i like how you explain.,0
The Power of mainstream media. They just Manipulate people,0
Kudos to this man by explaining this matter in a way that people will understand. more power!!,0
STRAIGHT FACTS!,0
thanks may mga matalino magaling magpaliwanag.di gaya ng mainstream media puro katoxican.,0
galing napakalinaw.,0
Mga hater's ni PBBM nag aabang na mqgkamali siya bakq mabulol lang mag celebrat na agad sila bash agad! ğŸ˜…,0
6.1 is true but 4.4 is also correct. Wtf! So ano?,0
OHHHH mga bashers labas!!! Natameme kau sa explanation ni kuya... ğŸ‘ğŸ‘ğŸ‘ğŸ‘ Good Job for explaining kuya para mas maintindihan ng mga ng bashers!!,0
nagmamagaling kasi pero di naman naiintindihan ang pinaglalaban nila na 6.1% haha,0
"yes truth, Hindi man Tau nakatulong sa gawa. wag na mag comments na ikaka failure natin â¤ï¸â¤ï¸â¤ï¸pilipinas",0
"ahÃ yyyy...manahimik nlang sana. puro insulto nalang Ã ng alam nila. kauupo lang, puro nÃ lang pamuna immÃ teriÃ l nÃ man. Ã t least mÃ y nÃ punÃ  si bbm for th",0
buti nalang may ganto yung iba kasi mga bida bida,0
proud pa naman isang kakampink na mali daw si pbbmğŸ˜¬,0
Kakampinks: kayo lang nag fail hindi ko naman yan binoto eğŸ˜‚ğŸ˜‚,0
I badly want to show this to my fb friends na maiingay at wagas maka insulto.,0
kahit iexplain nyo mali padin para sa kanila si PBBM juskooooo nakakasawa na sila yan lagi nalang nakangawa pink kase e ğŸ™„ğŸ˜,0
"nakakainis po 'yung mga taong sinusulusyunan na nga problema ng bansa, puro reklamo at dahilan pa. Ginagawan na nga ng sulusyon 'yung problema.",0
Mataas ang 6.1 pra sa economic status ntin ngayon. Assuming n nmn clağŸ˜ğŸ˜,0
ganyan naman pag ayaw kay PBBM eh lahat ng gagawin nya mali ğŸ˜ Ang PAIT ng buhay nila ğŸ˜‚,0
di na ako nakikipagtalo sa kanila kasi nga open minded sila for being a fault finder.,0
nagtaka pa kayo bat ganon mindset nla? kaya nga sila talo db? lols,0
bitter kasi talaga sila naghahanap lang yan sila ng maiibato kay PBBM.,0
ang dami kasing mga bida bida.. feeling matatalino.. akala mo naman mga magagaling pagdating sa inflation rate.. ğŸ˜‚,0
"bakit ba mas marunong pa sila eh d dapat mag president sila ganon lang yon,taga pag balita lang kayo hnd taga batikos",0
"yan kasi ang inaabangan nila, para pulaan cya nauna kasi Kuda kaysa intindihin mabuti ang tinutukoy..bida2 kasi ahahaha mhel anyare ğŸ˜„ğŸ˜„",0
ang OA kase ng media,0
who cares about month's inflation? ğŸ˜‚ğŸ˜‚ğŸ˜‚,0
Paki mention nga yung 24 oras! Wala nako gana manood ng balita!!,0
atat po kc sila mghnap ng butas pra idown c pbbm kya bash agd w/o understanding the full context that's their job n siraan c pbbm,0
meron ba sa news na ganito ang pag explain sa sinabi ni bbm? kaya mababa ang paniniwala ng nakakarami sa news e.,0
WALA KAMING ALAM DYAN... ANG AMIN LANG SANA UMUNLAD ANG BANSA NATIN...SO DAPAT TAMA NA...WALA KAMING PAKI..... FORGET IT,0
HAHAHA Napahiya nanaman sila,0
the problem of some leni supporters is dun sila tumitingin sa mali instead of researching mga educated daw ang mga kuno,0
ganyan kse karamihan eh nakaabang lang sa mga kamalian kahit wla namang clue sa sinasabeğŸ˜,0
Kasi yung mga ayaw kay PBBM pinapakinggan lang ang sinasabi di iniintindi,0
haha.. true yan . ung iba kc ang tatalino.. ngaw ngaw ng ngaw ngaw.. hahah d nmn nila magets ung year to date.. basic... jusmi..,0
Lol kahit baliktadin pa ng mga lutang tayo hindi nila magagawa kasi mas lutang padin sila,0
pwede nb kasuhan mga nagppkalat ng misinformation? linaw ng paliwanag sa IR ei. ğŸ˜‚ğŸ˜,0
mas reliable pa tong mga ganito kesa sa mga main stream medias,0
"Kasi, Naka-filter Lang sa Month of June ang mga kukote ng mga biased na Liberal leaning media para me maibato ke BBM.",0
Kaya nga sa lahat wag mag therefor conclude Lalo na kung Di tayo marunong sa statistic katulad ko. Hehehe Kaya support lang ako kay PBBM,0
"Ang inaabangan nyo lahat pagkakamali nya kahit pangungulangot lang nya,, ang abangan nyo at pag tulungan ay ang PAG ANGAT NG BANSA hindi puro batikos",0
Akala sa pinas lang tumataas ang prices nang bilihin HAHAHAğŸ¤¡,0
@lalainedanne yan ha? yan walang bias dyan. Intindihin mo,0
Mga Well Educated kasi po sila ..ğŸ˜‚ğŸ˜‚ğŸ˜‚ğŸ˜‚ğŸ˜‚ğŸ˜‚ğŸ˜‚,0
Kaya nga matalino nga namn si mama len2x talo ngalang sayang,0
meron talagang matatalino at nag tatalino talinuhan ğŸ˜…ğŸ˜… buti may taga explain ng ganitoğŸ˜…,0
Ang dami kasing nagmamatalino,0
kudos sir ğŸ‘Œ galing ğŸ‘,0
"If a president cannot explain it simply for the madla to understand, he's not a good communicator. Gets mo? Incompetence on his part.",0
"If we are talking about inflation rate, it's really year-on-year that first comes to mind. This is the reason why BBM disagreed when the woman",0
said that it was at 6.1%| The lady did not mention that it was only for the month of June: PBBM is not dumb as some bitter people project.,0
"Exactly- she said 6.1 right now- did not say this month, and president has mtd di ba?",0
HE IS ACTUALLY A THINKING PRESIDENT. Hindi sya LUTANG.,0
Clearly explained. Auto follow ako dun palang sa explanation mo about sa highest coa rating ni vp.,0
"ito dapat mga finafollow kasi may matututunan, di tulad ng iba mema agad",0
Para kasi gawin ng history sa mga articles nila sa kanilang website na ang time of administration ni Marcos ay mataas ang mga Bilihin.,0
Ito June umaabot ng 6.1 na ung inflation at yung tinutukoy ni Blengblong ung average na mula Jan to June which is nasa 4 kemurot,0
Pero dapat seryosohin nya na kasi June palang nasa 6.1 na paano pa kaya kapag umaabot ng December yan,0
"PBBM defintely knows what he's saying,, ewan ko lng ung mga commentarista nya ğŸ˜‚ğŸ˜‚ğŸ˜‚",0
Base sa napapansin ko lang. Nagkakaroon ng inflation gawa ng mga local product at imported. why not na nangkilikin ang sarili atin dba.,0
which means ang philippine currency ng bansa ang main reason jn.,0
Dapat i factcheck nila. Wala talaga bias medias,0
may nakita akong kakampink na nagpost about sa nauna pa daw maging bente ang pamasahe kesa sa bigas and the comments were about the inflation rate ğŸ˜­,0
ganto yung need ko sa fyp ko. i-follow na yan!,0
"May nakita po akong influencer na nag-share nito sir, tinatawanan si PBBM not knowing about this facts HAHAHAHHAA maka-leni kasi eh",0
so what are you trying to point? so kinocorrect mo lang ung understanding ni BBM? kahit sino naman umupo. stop being a fanatic to politicians.,0
lemme follow u kuya,0
I donâ€™t regret following this man here sa tiktok!,0
"But he definitely does not understand what the 6.1% is.
Akala niya yun ang ytd? Yan na naging issue but we should be asking the actions needed",0
"Ang galing Ng explanation Sir . pero like na me na very slow when it comes to inflation deflation chimbambam ğŸ¥ºğŸ˜…ğŸ˜…ğŸ˜… ,, but thank you po . ğŸ‘ğŸ½ğŸ‘ğŸ½",0
"they say ""we Stan fact checkers"" but it's really ""we Stan leni fact checkers"" one sided fact checking they never look at the other side",0
"tomo lods,we should not wish ones gov'ts failure unlike the dilawan whose main goal is to destabilize a govt same as CIA...ğŸ˜³ğŸ˜³",0
True and it was explained by our Fin Sec Diokno yesterday.ğŸ¥°,0
"he should've clarified at least what was the inflation rate being referred to when he was asked, I think ppl expect him to know both figures already",0
it's nice that u cleared it up tho. The bashing is getting out of hand for just a simple statement.ğŸ˜…,0
@eivlaelocin @itsmejk09 @mcpatootie,0
@_ariesssssssss @Mark Alipio,0
sa truth yan ğŸ˜¬ğŸ˜¬,0
@twinklelittlebyul,0
ğŸ‘ğŸ‘ğŸ‘ğŸ‘ğŸ¥°ğŸ¥°ğŸ¥°ğŸ¥°ğŸ¥°ğŸ¥°ğŸ¥°ğŸ¥°,0
ğŸ¥°ğŸ¥°ğŸ¥°ğŸ¥°,0
@Freo6thğŸ€,0
â¤ï¸â¤ï¸â¤ï¸â¤ï¸,0
ğŸ‘ğŸ» ğŸ‘ğŸ» ğŸ‘ğŸ» ğŸ‘ğŸ» ğŸ‘ğŸ» ğŸ‘ğŸ»,0
@vfozjtbu @chaeberry13,0
@Key Dee ğŸ¦‹,0
@margÃ¶,0
@Senator Tzuyu,0
@Bhabz,0
@reyes.shai,0
@halfblood_03,0
@24 Oras,0
ğŸ¥°ğŸ¥°ğŸ¥°ğŸ¥°,0
ğŸ‘ŠğŸ‘ŠğŸ‘ŠğŸ‘ŠğŸ‘Šâ¤â¤â¤â¤âœŒğŸ’š,0
ğŸ“Œ ğŸ“ŒğŸ“Œ,0
@esekaidhent4imc,0
@Rjay 2 Thicc,0
ğŸ¥±ğŸ¥±,0
@Putong Inamoy Gamerz ?,0
even first world country suffer inflation's rate almost 7%,0
"Agree sir, US is at 9% i think",0
Mema nalng hanggang dulo mga educated na yarn.,0
pero clear rin po na sinabi sa kanya na 6.1 is is the month of JUNE! but he disagreed? hindi po kayo nakinig?,0
Kaya nga I don't believe na magkamali SI PBBM Kasi alam ko he s so intellegent enaf & he s also a economist...so he s absolutely right...tnx to u,0
Sna Po my save button ğŸ¥° slmt po,0
"Same din sa US, hindi talaga yun ung official inflation rate",0
But the statement was 6.1 was the highest since October 2018. That means since October 2018 yung June yung pinakataas and sasabihin lang nyang he,0
would dis agree with the number? Why not acknowledge it? Totoo naman mataas yung 6.1 inflation rate and would just deny it. And 4.4 surpassed,0
the targeted 3.5 to 4% interest rate if the ytd tapaga yung binasihan nya,0
"And his statement he did not mentioned that the ytd was 4.4, he just said that it surpassed our targeted IR of 4%.",0
@knvbhzvb @parakangtangaewan,0
@mjtolentino07,0
@oblakferrer,0
@bernczi,0
"ayan na, lahat naman ng bansa apektado. Naghihintay lang sila ng mali e, wat if pag naupo pa si L laughing stock ang bansağŸ« . anyways box reveal",0
@Elle Herrera,0
@Mel Tiangco,0
@prplsdh,0
@M.A. BuendÃ­a ğŸ’,0
@angeliegonzales__,0
@robertobtmbkl,0
"PSA: Food &non-alcoholic beverage index jumped 6% in June, meat &others surging by 8.1%. Costs have increased more than 6.1% of ur average spending.",0
And your YTD is? Do you only look at your numbers by month? Or would you rather see the trend to strategize?,0
"(2) regardless if itâ€™s YTD or month-to-month, personal inflation still affects us all and itâ€™s increasing as we speak.",0
"Agree,it does-but do not disregard YTD because it tells the direction. Would you like to get stuck at a high inflation with your month numbers? Lols.",0
We are on the same page. point is what measures should be taken moving forward. I didnâ€™t disregard YTD data. Iâ€™m saying personal inflationâ€™s higher,0
Oh.. got it.. well I havenâ€™t heard any plans for price control or at least suspend fuel tax. Hopefully we can get more details,0
LOL,0
Say that to jeepney & tricycle drivers who work for a living,0
"They understand that the cost of living is increasing and yet they find a way para makatipid. See, hindi sila nag rant pero nakakaraos",0
"The real question is, are we focused on where inflation and the market is at now, or where it will be in 6 months? Thatâ€™s what govâ€™t should work on.",0
Did you read the news about the inflation and gdp target by year end? - and the interest rate? Yes they have plans- look it up,0
"Yeah, prices are increasing and guess what, those people who are complaining are the same people na nakikita mong nagkakape sa starbucks ğŸ¤¡",0
"Actually I know a few of them, at hindi sila nagrereklamo. Mas nagrereklamo pa yung mga may pambili ng starbucks sa totoo lang.",0
Current U.S inf rate: 8.6. Mark ur calendar July 13 anouncement. baka magulat kayo gaano ang itaas ng inflation rate ng U.S. other economy will follow,0
Kung lugaw yan miryenda nalang,0
nagmana kasi sila dun sa ano nilağŸ˜‚ğŸ˜‚ Oh! wala ako minention! ğŸ˜‚ mataan wag magalit ba,0
Media manipulation again like covid with the Department of Hell.,0
"akala ko ba matatalino silağŸ˜‚ğŸ˜‚ğŸ˜‚
as what they call themselves ğŸ˜‚ğŸ˜‚ğŸ˜‚",0
kakampinks are closed minded now. thats why ğŸ™‰,0
syempre di maniniwala pinklawans haha ğŸ˜‚,0
KAKAMPUKE DI MKA INTINDIğŸ˜‚,0
Most of Kakampinks are Pseudo-intellectual.,0
san na mga kakampwet?,0
paki shutdown na rin gma bitter nila,0
may aasahan pa ba tayo sa pag iisip ng mga kakampwet? ayun! lutang pa din hanggang ngayon ğŸ˜‚,0
Hahaha,0
"Intindihin ang sinabiâŒ
Ako kasi boy, sa akin lang kasi boyâœ…",0
Parang kilala ko yan? Haha,0
bro puro kayo bagsak ang bansa eh bagong presidente palang naman si BBM. anlala niyo ano gusto niyo? mayaman agad pilipinas? mema talaga kayo no.,0
Pag talaga mga nasa accounting subject marunong magkwenta e yung iba basta na lang makapagreact. Kwentahin din kasi,0
matatalino lang po nakakaintindi kay mr.President,0
pinklawans mag research muna bago kumuda nang kumuda ah?,0
nakakahiya kayo grabi,0
"the fact that he is unaware about the inflation, insulto yan para sa mga mamamayan na naghihirap sa araw araw na gastusin",0
You have a pointless.,0
"tingin mo yung workers na nagtratrabaho araw araw may time pa mag aral about economics? he should mind his words, hehe same blood pala like imee",0
HAHAHHAHAAHAHAHAAHAHAH,0
then their president will said we are not that high. just like you are in risk of death then the doctor will say its fine.,0
who said people that worked 18 hrs are stupid,0
@rovi 'yan na beh explaination para hindi ka na maging kawawa,0
wow omg bbm nadin bako nito? ğŸ¤©,0
kung nanood ka sana ng Balita edi sana may alam kana ngayon so hindi mo alam na pinagpaplanuhan na nila 'yung f2f sa november? pag papatupad ng,0
"+ national i.d, pag papatupad ng carousel hanggang December/November HAHAHHAHA 'yan ang napapala nang puro dada wala namang alam jusko",0
"si leni kaya nung 1st week n'ya bilang vp, well masasabi ba nating 1st week palang may nagawa na si leni? eh naiipasang kaso nga dadalawa nalang ++",0
+ nalimutan pa jusko,0
"hindi kita kinoconvince sis, wala naman akong pake kung maka leni ka parin ang mahalaga may alam ka hindi puro salita ka lang ğŸ˜™",0
"""ang mahalaga may alam ka"" so may alam ka pala? bakit wala kang alam sa platform ni leni at isa kang enabler? ğŸ¥µ",0
ano namang pakeelam ko sa isag vp na anti government? HAHAHHAHAHAHA atska may platform pala si leni? akala ko paninira lang alam n'ya â˜¹ï¸â˜¹ï¸,0
"awww u look so stressed hon, again stay pressed ğŸ˜™",0
"malamang puro akala sinasabi mo, wala ka nman tlagang alam. anong iexpect ko sa marcos apologist na nakatutok sa platform nhg president nya? ğŸ˜±",0
"""Wala ka naman talagang alam"" sabi nang mas walang alam, HAHAHAHAHHAHAH patawa kakampinks nga naman",0
kakampinks thinking leni robredo can be a good servant/president even though anti government sh*t ğŸ¤¡ğŸ¤¡,0
"ano bang pinagyayabang mo beh, 'yung platforms ni leni na hanggang salita lang at puro Plano? ğŸ¤ªğŸ¤¡",0
ay anong alam mo beh?,0
"she is a good servant madam, ano bang pinagbabasihan mo? yung debate nila ni marcos that's why tinatawag mong anti government? HAHAHAHHAA",0
anong sinasabi mo beh? alam mo ba yung angat buhay ngo? HAHAHAHAHA si marcos anong nagawa sa first week nya? ğŸ¤‘,0
"si BBM pa talaga tuturuan nila, igaya nila sa nanay nilang lutang haha.. BIG NO! ang layo!",0
Well said. Nakikita talaga ang pamilya LUTANG.,0
"Nag disagree lang lutang na hahaha kayo ang lutang, esep esep kung ano ang ibig sabihin ni PBBM",0
"sa Pilipinas po kasi madaming mga Lawyer, karamihan satin mga Judge at Perfectionist. (wag ma triggered)",0
eh kongvsi leni kaya dyan ano isasagot nya?,0
"journalist daw pero clips lang inilalabas
di rin pinapaintindi sa viewers
buti pa TikTok",0
hindi po alam ng mga economist and historian wannabee yang ganyan ğŸ˜‚,0
Ayoko na makidebate sa pamangkin kong dipa tapos magaral na super kakampink. last time kasi natalo ung pinagtatanggol niyağŸ˜‚ kaya lams na hahaa,0
"Told you guys, read first. Papuntahin sila dito sa vid na toğŸ˜‚. (Econ major here) P.S. di ko sya binoto ğŸ˜…",0
Ba't nung finollow kita sabi dito ilang beses ka nang nareport?,0
sa totoo lang maganda yang ginawa nila mabilis kasing tumahol yung iba bago alamin kung tao bayun o anino langğŸ˜‚,0
para magmukha silang walang alamğŸ˜‚,0
isend konga toh sa mga leniplokers na prend ko na feeling economists ğŸ˜‚ğŸ˜‚ğŸ˜‚,0
Yung kakasimula palang ni bbm ğŸ˜‚ğŸ˜‚ğŸ˜‚ğŸ˜‚. tuloy mulng yan Malay mu babagsak Ang pilipinasğŸ˜‚ğŸ˜‚ğŸ˜‚ğŸ˜‚,0
if leni win government fail ğŸ˜‚,0